Email,Password_hash
sgh4123@ajou.ac.kr,sgh4123
a@ajou.ac.kr,a
b@ajou.ac.kr,b
c@ajou.ac.kr,c
d@ajou.ac.kr,d
e@ajou.ac.kr,e
a2@ajou.ac.kr,a2
a3@ajou.ac.kr,a3
a4@ajou.ac.kr,a4
a5@ajou.ac.kr,a5
a6@ajou.ac.kr,a6
a7@ajou.ac.kr,a7
a8@ajou.ac.kr,a8
a9@ajou.ac.kr,a9
a10@ajou.ac.kr,a10
b2@ajou.ac.kr,b2
b3@ajou.ac.kr,b3
b4@ajou.ac.kr,b4
b5@ajou.ac.kr,b5
b6@ajou.ac.kr,b6
b7@ajou.ac.kr,b7
b8@ajou.ac.kr,b8
b9@ajou.ac.kr,b9
b10@ajou.ac.kr,b10
c2@ajou.ac.kr,c2
c3@ajou.ac.kr,c3
c4@ajou.ac.kr,c4
c5@ajou.ac.kr,c5
c6@ajou.ac.kr,c6
c7@ajou.ac.kr,c7
